,,anthropic_claude-3-opus-20240229_correct,openai_gpt-4o-2024-05-13_correct,openai_gpt-4-0613_correct,google_gemini-1.5-pro-preview-0409_correct,openai_gpt-4-1106-preview_correct,meta_llama-3-70b_correct,writer_palmyra-x-v3_correct,google_text-unicorn@001_correct,mistralai_mixtral-8x22b_correct,google_gemini-1.5-flash-preview-0514_correct
Overall,Overall,0.7876666666666666,0.781,0.7556666666666667,0.7666666666666667,0.7133333333333334,0.7273333333333334,0.7243333333333334,0.7243333333333334,0.7093333333333334,0.7266666666666667
Grouped,OK,0.8160029498525073,0.81047197640118,0.7879793510324484,0.7949852507374632,0.741519174041298,0.7566371681415929,0.7492625368731564,0.7492625368731564,0.7367256637168141,0.7525811209439528
Grouped,Not OK,0.5208333333333334,0.5034722222222222,0.4513888888888889,0.5,0.4479166666666667,0.4513888888888889,0.4895833333333333,0.4895833333333333,0.4513888888888889,0.4826388888888889
