,,anthropic_claude-3-opus-20240229_correct,openai_gpt-4o-2024-05-13_correct,openai_gpt-4-0613_correct,google_gemini-1.5-pro-preview-0409_correct,openai_gpt-4-1106-preview_correct,meta_llama-3-70b_correct,writer_palmyra-x-v3_correct,google_text-unicorn@001_correct,mistralai_mixtral-8x22b_correct,google_gemini-1.5-flash-preview-0514_correct
Overall,Overall,0.98,0.95,0.93,0.91,0.96,0.91,0.87,0.87,0.87,0.86
Grouped,OK,0.989010989010989,0.978021978021978,0.967032967032967,0.9340659340659341,0.978021978021978,0.9230769230769231,0.9010989010989011,0.9010989010989011,0.8901098901098901,0.8791208791208791
Grouped,Not OK,0.8888888888888888,0.6666666666666666,0.5555555555555556,0.6666666666666666,0.7777777777777778,0.7777777777777778,0.5555555555555556,0.5555555555555556,0.6666666666666666,0.6666666666666666
