,,anthropic_claude-3-opus-20240229_correct,openai_gpt-4o-2024-05-13_correct,openai_gpt-4-0613_correct,google_gemini-1.5-pro-preview-0409_correct,openai_gpt-4-1106-preview_correct,meta_llama-3-70b_correct,writer_palmyra-x-v3_correct,google_text-unicorn@001_correct,mistralai_mixtral-8x22b_correct,google_gemini-1.5-flash-preview-0514_correct
Overall,Overall,0.86,0.85,0.79,0.8,0.78,0.83,0.83,0.83,0.74,0.82
Grouped,OK,0.9529411764705882,0.9647058823529412,0.9294117647058824,0.8823529411764706,0.9058823529411765,0.9294117647058824,0.9058823529411765,0.9058823529411765,0.8352941176470589,0.9058823529411765
Grouped,Not OK,0.3333333333333333,0.2,0.0,0.3333333333333333,0.06666666666666667,0.26666666666666666,0.4,0.4,0.2,0.3333333333333333
