,,anthropic_claude-3-opus-20240229_correct,openai_gpt-4o-2024-05-13_correct,openai_gpt-4-0613_correct,google_gemini-1.5-pro-preview-0409_correct,openai_gpt-4-1106-preview_correct,meta_llama-3-70b_correct,writer_palmyra-x-v3_correct,google_text-unicorn@001_correct,mistralai_mixtral-8x22b_correct,google_gemini-1.5-flash-preview-0514_correct
Overall,Overall,0.8,0.69,0.68,0.76,0.68,0.69,0.66,0.66,0.69,0.66
Grouped,OK,0.7938144329896907,0.711340206185567,0.7010309278350515,0.7628865979381443,0.7010309278350515,0.7010309278350515,0.6804123711340206,0.6804123711340206,0.711340206185567,0.6597938144329897
Grouped,Not OK,1.0,0.0,0.0,0.6666666666666666,0.0,0.3333333333333333,0.0,0.0,0.0,0.6666666666666666
