,,anthropic_claude-3-opus-20240229_correct,openai_gpt-4o-2024-05-13_correct,openai_gpt-4-0613_correct,google_gemini-1.5-pro-preview-0409_correct,openai_gpt-4-1106-preview_correct,meta_llama-3-70b_correct,writer_palmyra-x-v3_correct,google_text-unicorn@001_correct,mistralai_mixtral-8x22b_correct,google_gemini-1.5-flash-preview-0514_correct
Overall,Overall,0.82,0.81,0.78,0.76,0.77,0.74,0.76,0.76,0.75,0.8
Grouped,OK,0.826530612244898,0.8163265306122449,0.7857142857142857,0.7755102040816326,0.7755102040816326,0.7448979591836735,0.7653061224489796,0.7653061224489796,0.7551020408163265,0.8061224489795918
Grouped,Not OK,0.5,0.5,0.5,0.0,0.5,0.5,0.5,0.5,0.5,0.5
