,,anthropic_claude-3-opus-20240229_correct,openai_gpt-4o-2024-05-13_correct,openai_gpt-4-0613_correct,google_gemini-1.5-pro-preview-0409_correct,openai_gpt-4-1106-preview_correct,meta_llama-3-70b_correct,writer_palmyra-x-v3_correct,google_text-unicorn@001_correct,mistralai_mixtral-8x22b_correct,google_gemini-1.5-flash-preview-0514_correct
Overall,Overall,0.72,0.72,0.65,0.63,0.66,0.65,0.66,0.66,0.63,0.6
Grouped,OK,0.7126436781609196,0.7241379310344828,0.6666666666666666,0.632183908045977,0.6781609195402298,0.6206896551724138,0.6551724137931034,0.6551724137931034,0.6436781609195402,0.6091954022988506
Grouped,Not OK,0.7692307692307693,0.6923076923076923,0.5384615384615384,0.6153846153846154,0.5384615384615384,0.8461538461538461,0.6923076923076923,0.6923076923076923,0.5384615384615384,0.5384615384615384
