,,anthropic_claude-3-opus-20240229_correct,openai_gpt-4o-2024-05-13_correct,openai_gpt-4-0613_correct,google_gemini-1.5-pro-preview-0409_correct,openai_gpt-4-1106-preview_correct,meta_llama-3-70b_correct,writer_palmyra-x-v3_correct,google_text-unicorn@001_correct,mistralai_mixtral-8x22b_correct,google_gemini-1.5-flash-preview-0514_correct
Overall,Overall,0.66,0.64,0.62,0.66,0.58,0.49,0.53,0.53,0.56,0.55
Grouped,OK,0.7045454545454546,0.6704545454545454,0.6590909090909091,0.6931818181818182,0.5909090909090909,0.5113636363636364,0.5454545454545454,0.5454545454545454,0.5454545454545454,0.5568181818181818
Grouped,Not OK,0.3333333333333333,0.4166666666666667,0.3333333333333333,0.4166666666666667,0.5,0.3333333333333333,0.4166666666666667,0.4166666666666667,0.6666666666666666,0.5
