,,anthropic_claude-3-opus-20240229_correct,openai_gpt-4o-2024-05-13_correct,openai_gpt-4-0613_correct,google_gemini-1.5-pro-preview-0409_correct,openai_gpt-4-1106-preview_correct,meta_llama-3-70b_correct,writer_palmyra-x-v3_correct,google_text-unicorn@001_correct,mistralai_mixtral-8x22b_correct,google_gemini-1.5-flash-preview-0514_correct
Overall,Overall,0.77,0.74,0.67,0.8,0.65,0.72,0.73,0.73,0.7,0.75
Grouped,OK,0.7777777777777778,0.7474747474747475,0.6767676767676768,0.8080808080808081,0.6565656565656566,0.7272727272727273,0.7373737373737373,0.7373737373737373,0.7070707070707071,0.7575757575757576
Grouped,Not OK,0.0,0.0,0.0,0.0,0.0,0.0,0.0,0.0,0.0,0.0
