,,anthropic_claude-3-opus-20240229_correct,openai_gpt-4o-2024-05-13_correct,openai_gpt-4-0613_correct,google_gemini-1.5-pro-preview-0409_correct,openai_gpt-4-1106-preview_correct,meta_llama-3-70b_correct,writer_palmyra-x-v3_correct,google_text-unicorn@001_correct,mistralai_mixtral-8x22b_correct,google_gemini-1.5-flash-preview-0514_correct
Overall,Overall,0.74,0.72,0.59,0.69,0.57,0.61,0.55,0.55,0.55,0.64
Grouped,OK,0.7525773195876289,0.7319587628865979,0.5979381443298969,0.7010309278350515,0.5876288659793815,0.6185567010309279,0.5567010309278351,0.5567010309278351,0.5567010309278351,0.6494845360824743
Grouped,Not OK,0.3333333333333333,0.3333333333333333,0.3333333333333333,0.3333333333333333,0.0,0.3333333333333333,0.3333333333333333,0.3333333333333333,0.3333333333333333,0.3333333333333333
