,,anthropic_claude-3-opus-20240229_correct,openai_gpt-4o-2024-05-13_correct,openai_gpt-4-0613_correct,google_gemini-1.5-pro-preview-0409_correct,openai_gpt-4-1106-preview_correct,meta_llama-3-70b_correct,writer_palmyra-x-v3_correct,google_text-unicorn@001_correct,mistralai_mixtral-8x22b_correct,google_gemini-1.5-flash-preview-0514_correct
Overall,Overall,0.83,0.89,0.88,0.83,0.88,0.79,0.78,0.78,0.76,0.82
Grouped,OK,0.8409090909090909,0.8977272727272727,0.8863636363636364,0.8409090909090909,0.8863636363636364,0.8181818181818182,0.7954545454545454,0.7954545454545454,0.7840909090909091,0.8295454545454546
Grouped,Not OK,0.75,0.8333333333333334,0.8333333333333334,0.75,0.8333333333333334,0.5833333333333334,0.6666666666666666,0.6666666666666666,0.5833333333333334,0.75
