,,anthropic_claude-3-opus-20240229_correct,openai_gpt-4o-2024-05-13_correct,openai_gpt-4-0613_correct,google_gemini-1.5-pro-preview-0409_correct,openai_gpt-4-1106-preview_correct,meta_llama-3-70b_correct,writer_palmyra-x-v3_correct,google_text-unicorn@001_correct,mistralai_mixtral-8x22b_correct,google_gemini-1.5-flash-preview-0514_correct
Overall,Overall,0.82,0.84,0.8,0.8,0.83,0.78,0.79,0.79,0.73,0.77
Grouped,OK,0.8735632183908046,0.8850574712643678,0.8390804597701149,0.8505747126436781,0.8850574712643678,0.8275862068965517,0.8505747126436781,0.8505747126436781,0.7816091954022989,0.8160919540229885
Grouped,Not OK,0.46153846153846156,0.5384615384615384,0.5384615384615384,0.46153846153846156,0.46153846153846156,0.46153846153846156,0.38461538461538464,0.38461538461538464,0.38461538461538464,0.46153846153846156
