,,anthropic_claude-3-opus-20240229_correct,openai_gpt-4o-2024-05-13_correct,openai_gpt-4-0613_correct,google_gemini-1.5-pro-preview-0409_correct,openai_gpt-4-1106-preview_correct,meta_llama-3-70b_correct,writer_palmyra-x-v3_correct,google_text-unicorn@001_correct,mistralai_mixtral-8x22b_correct,google_gemini-1.5-flash-preview-0514_correct
Overall,Overall,0.9,0.89,0.89,0.88,0.86,0.85,0.9,0.9,0.9,0.86
Grouped,OK,0.9594594594594594,0.9864864864864865,0.9594594594594594,0.9594594594594594,0.9324324324324325,0.9594594594594594,0.9459459459459459,0.9459459459459459,0.9864864864864865,0.918918918918919
Grouped,Not OK,0.7307692307692307,0.6153846153846154,0.6923076923076923,0.6538461538461539,0.6538461538461539,0.5384615384615384,0.7692307692307693,0.7692307692307693,0.6538461538461539,0.6923076923076923
