,,anthropic_claude-3-opus-20240229_correct,openai_gpt-4o-2024-05-13_correct,openai_gpt-4-0613_correct,google_gemini-1.5-pro-preview-0409_correct,openai_gpt-4-1106-preview_correct,meta_llama-3-70b_correct,writer_palmyra-x-v3_correct,google_text-unicorn@001_correct,mistralai_mixtral-8x22b_correct,google_gemini-1.5-flash-preview-0514_correct
Overall,Overall,0.74,0.78,0.76,0.69,0.72,0.71,0.63,0.63,0.67,0.56
Grouped,OK,0.7640449438202247,0.797752808988764,0.7865168539325843,0.7078651685393258,0.7415730337078652,0.7303370786516854,0.651685393258427,0.651685393258427,0.6966292134831461,0.5842696629213483
Grouped,Not OK,0.5454545454545454,0.6363636363636364,0.5454545454545454,0.5454545454545454,0.5454545454545454,0.5454545454545454,0.45454545454545453,0.45454545454545453,0.45454545454545453,0.36363636363636365
