,,anthropic_claude-3-opus-20240229_correct,openai_gpt-4o-2024-05-13_correct,openai_gpt-4-0613_correct,google_gemini-1.5-pro-preview-0409_correct,openai_gpt-4-1106-preview_correct,meta_llama-3-70b_correct,writer_palmyra-x-v3_correct,google_text-unicorn@001_correct,mistralai_mixtral-8x22b_correct,google_gemini-1.5-flash-preview-0514_correct
Overall,Overall,0.9,0.9,0.88,0.85,0.85,0.83,0.84,0.84,0.8,0.81
Grouped,OK,0.9213483146067416,0.9325842696629213,0.9213483146067416,0.8651685393258427,0.8764044943820225,0.8539325842696629,0.8539325842696629,0.8539325842696629,0.8314606741573034,0.8426966292134831
Grouped,Not OK,0.7272727272727273,0.6363636363636364,0.5454545454545454,0.7272727272727273,0.6363636363636364,0.6363636363636364,0.7272727272727273,0.7272727272727273,0.5454545454545454,0.5454545454545454
