,,anthropic_claude-3-opus-20240229_correct,openai_gpt-4o-2024-05-13_correct,openai_gpt-4-0613_correct,google_gemini-1.5-pro-preview-0409_correct,openai_gpt-4-1106-preview_correct,meta_llama-3-70b_correct,writer_palmyra-x-v3_correct,google_text-unicorn@001_correct,mistralai_mixtral-8x22b_correct,google_gemini-1.5-flash-preview-0514_correct
Overall,Overall,0.69,0.7,0.71,0.67,0.71,0.55,0.68,0.68,0.59,0.58
Grouped,OK,0.7195121951219512,0.6951219512195121,0.7439024390243902,0.6951219512195121,0.7317073170731707,0.5609756097560976,0.6463414634146342,0.6463414634146342,0.6585365853658537,0.573170731707317
Grouped,Not OK,0.5555555555555556,0.7222222222222222,0.5555555555555556,0.5555555555555556,0.6111111111111112,0.5,0.8333333333333334,0.8333333333333334,0.2777777777777778,0.6111111111111112
