,,anthropic_claude-3-opus-20240229_correct,openai_gpt-4o-2024-05-13_correct,openai_gpt-4-0613_correct,google_gemini-1.5-pro-preview-0409_correct,openai_gpt-4-1106-preview_correct,meta_llama-3-70b_correct,writer_palmyra-x-v3_correct,google_text-unicorn@001_correct,mistralai_mixtral-8x22b_correct,google_gemini-1.5-flash-preview-0514_correct
Overall,Overall,0.83,0.83,0.76,0.77,0.82,0.76,0.8,0.8,0.76,0.8
Grouped,OK,0.8571428571428571,0.8681318681318682,0.8021978021978022,0.8021978021978022,0.8571428571428571,0.7912087912087912,0.8461538461538461,0.8461538461538461,0.7912087912087912,0.8351648351648352
Grouped,Not OK,0.5555555555555556,0.4444444444444444,0.3333333333333333,0.4444444444444444,0.4444444444444444,0.4444444444444444,0.3333333333333333,0.3333333333333333,0.4444444444444444,0.4444444444444444
