,,anthropic_claude-3-opus-20240229_correct,openai_gpt-4o-2024-05-13_correct,openai_gpt-4-0613_correct,google_gemini-1.5-pro-preview-0409_correct,openai_gpt-4-1106-preview_correct,meta_llama-3-70b_correct,writer_palmyra-x-v3_correct,google_text-unicorn@001_correct,mistralai_mixtral-8x22b_correct,google_gemini-1.5-flash-preview-0514_correct
Overall,Overall,0.54,0.56,0.56,0.55,0.56,0.55,0.56,0.56,0.56,0.53
Grouped,OK,0.8837209302325582,0.9069767441860465,0.8837209302325582,0.8372093023255814,0.8837209302325582,0.9069767441860465,0.9302325581395349,0.9302325581395349,0.9069767441860465,0.8837209302325582
Grouped,Not OK,0.2807017543859649,0.2982456140350877,0.3157894736842105,0.3333333333333333,0.3157894736842105,0.2807017543859649,0.2807017543859649,0.2807017543859649,0.2982456140350877,0.2631578947368421
